key,value,category,value_schema
ui.fields.Ablagerung.bemerkungDatenimport.bem.hidden,true,ADMIN,{"""type""": """boolean"""}
ui.fields.Ablagerung.tiefe.hidden,false,ADMIN,{"""type""": """boolean"""}
ui.fields.Ablagerung.bis.hidden,false,ADMIN,{"""type""": """boolean"""}
ui.fields.Ablagerung.von.hidden,false,ADMIN,{"""type""": """boolean"""}
ui.fields.Betrieb.begruendungBewertung.bem.hidden,false,ADMIN,{"""type""": """boolean"""}
ui.fields.Betrieb.bemerkungDatenimport.bem.hidden,true,ADMIN,{"""type""": """boolean"""}
ui.fields.Betrieb.beurteilung.hidden,false,ADMIN,{"""type""": """boolean"""}
ui.fields.Betrieb.brancheNoga.hidden,false,ADMIN,{"""type""": """boolean"""}
ui.fields.Betrieb.eva.hidden,false,ADMIN,{"""type""": """boolean"""}
ui.fields.Betrieb.firmaName.hidden,false,ADMIN,{"""type""": """boolean"""}
ui.fields.Betrieb.firmaOrt.hidden,false,ADMIN,{"""type""": """boolean"""}
ui.fields.Betrieb.firmaPlz.hidden,false,ADMIN,{"""type""": """boolean"""}
ui.fields.Betrieb.firmaStrasse.hidden,false,ADMIN,{"""type""": """boolean"""}
ui.fields.Betrieb.groesse.hidden,false,ADMIN,{"""type""": """boolean"""}
ui.fields.Betrieb.groesse.isText,false,ADMIN,{"""type""": """boolean"""}
ui.fields.Betrieb.mobileStoffe.hidden,false,ADMIN,{"""type""": """boolean"""}
ui.fields.Betrieb.untersuchungsStand.hidden,false,ADMIN,{"""type""": """boolean"""}
ui.fields.Betrieb.genauigkeitBis.hidden,false,ADMIN,{"""type""": """boolean"""}
ui.fields.Betrieb.genauigkeitVon.hidden,false,ADMIN,{"""type""": """boolean"""}
ui.fields.Betrieb.relevant.hidden,false,ADMIN,{"""type""": """boolean"""}
ui.fields.Betrieb.zentroid.coordinates.0.hidden,false,ADMIN,{"""type""": """boolean"""}
ui.fields.Betrieb.zentroid.coordinates.1.hidden,false,ADMIN,{"""type""": """boolean"""}
ui.fields.KompartimentStoffgruppe.teilvol.hidden,false,ADMIN,{"""type""": """boolean"""}
ui.fields.KompartimentStoffklasse.teilvol.hidden,false,ADMIN,{"""type""": """boolean"""}
ui.fields.KompartimentStoffklasse.genauigkeitBis.hidden,false,ADMIN,{"""type""": """boolean"""}
ui.fields.KompartimentStoffklasse.genauigkeitVon.hidden,false,ADMIN,{"""type""": """boolean"""}
ui.fields.KompartimentStoffklasse.bis.hidden,false,ADMIN,{"""type""": """boolean"""}
ui.fields.KompartimentStoffklasse.von.hidden,false,ADMIN,{"""type""": """boolean"""}
ui.fields.Schiessanlage.begruendungBewertung.bem.hidden,false,ADMIN,{"""type""": """boolean"""}
ui.fields.Schiessanlage.bemerkungDatenimport.bem.hidden,true,ADMIN,{"""type""": """boolean"""}
ui.fields.Schiessanlage.beurteilung.hidden,false,ADMIN,{"""type""": """boolean"""}
ui.fields.Schiessanlage.eva.hidden,false,ADMIN,{"""type""": """boolean"""}
ui.fields.Schiessanlage.firmaName.hidden,false,ADMIN,{"""type""": """boolean"""}
ui.fields.Schiessanlage.firmaOrt.hidden,false,ADMIN,{"""type""": """boolean"""}
ui.fields.Schiessanlage.firmaPlz.hidden,false,ADMIN,{"""type""": """boolean"""}
ui.fields.Schiessanlage.firmaStrasse.hidden,false,ADMIN,{"""type""": """boolean"""}
ui.fields.Schiessanlage.groesse.hidden,false,ADMIN,{"""type""": """boolean"""}
ui.fields.Schiessanlage.groesse.isText,false,ADMIN,{"""type""": """boolean"""}
ui.fields.Schiessanlage.typ.hidden,false,ADMIN,{"""type""": """boolean"""}
ui.fields.Schiessanlage.mobileStoffe.hidden,false,ADMIN,{"""type""": """boolean"""}
ui.fields.Schiessanlage.untersuchungsStand.hidden,false,ADMIN,{"""type""": """boolean"""}
ui.fields.Schiessanlage.genauigkeitBis.hidden,false,ADMIN,{"""type""": """boolean"""}
ui.fields.Schiessanlage.genauigkeitVon.hidden,false,ADMIN,{"""type""": """boolean"""}
ui.fields.Schiessanlage.hatKugelfang.hidden,false,ADMIN,{"""type""": """boolean"""}
ui.fields.Schiessanlage.relevant.hidden,false,ADMIN,{"""type""": """boolean"""}
ui.fields.Schiessanlage.scheibenzahl.hidden,false,ADMIN,{"""type""": """boolean"""}
ui.fields.Schiessanlage.schusszahl.hidden,false,ADMIN,{"""type""": """boolean"""}
ui.fields.Schiessanlage.zentroid.coordinates.0.hidden,false,ADMIN,{"""type""": """boolean"""}
ui.fields.Schiessanlage.zentroid.coordinates.1.hidden,false,ADMIN,{"""type""": """boolean"""}
ui.fields.KinderspielplatzGruenflaeche.begruendungBewertung.bem.hidden,false,ADMIN,{"""type""": """boolean"""}
ui.fields.KinderspielplatzGruenflaeche.bemerkungDatenimport.bem.hidden,true,ADMIN,{"""type""": """boolean"""}
ui.fields.KinderspielplatzGruenflaeche.beurteilung.hidden,false,ADMIN,{"""type""": """boolean"""}
ui.fields.KinderspielplatzGruenflaeche.eva.hidden,false,ADMIN,{"""type""": """boolean"""}
ui.fields.KinderspielplatzGruenflaeche.kinderspielplatzGruenflacheTyp.hidden,false,ADMIN,{"""type""": """boolean"""}
ui.fields.KinderspielplatzGruenflaeche.untersuchungsStand.hidden,false,ADMIN,{"""type""": """boolean"""}
ui.fields.KinderspielplatzGruenflaeche.genauigkeitBis.hidden,false,ADMIN,{"""type""": """boolean"""}
ui.fields.KinderspielplatzGruenflaeche.genauigkeitVon.hidden,false,ADMIN,{"""type""": """boolean"""}
ui.fields.KinderspielplatzGruenflaeche.zentroid.coordinates.0.hidden,false,ADMIN,{"""type""": """boolean"""}
ui.fields.KinderspielplatzGruenflaeche.zentroid.coordinates.1.hidden,false,ADMIN,{"""type""": """boolean"""}
ui.fields.PFAS.begruendungBewertung.bem.hidden,false,ADMIN,{"""type""": """boolean"""}
ui.fields.PFAS.bemerkungDatenimport.bem.hidden,true,ADMIN,{"""type""": """boolean"""}
ui.fields.PFAS.beurteilung.hidden,false,ADMIN,{"""type""": """boolean"""}
ui.fields.PFAS.eva.hidden,false,ADMIN,{"""type""": """boolean"""}
ui.fields.PFAS.untersuchungsStand.hidden,false,ADMIN,{"""type""": """boolean"""}
ui.fields.PFAS.genauigkeitBis.hidden,false,ADMIN,{"""type""": """boolean"""}
ui.fields.PFAS.genauigkeitVon.hidden,false,ADMIN,{"""type""": """boolean"""}
ui.fields.PFAS.zentroid.coordinates.0.hidden,false,ADMIN,{"""type""": """boolean"""}
ui.fields.PFAS.zentroid.coordinates.1.hidden,false,ADMIN,{"""type""": """boolean"""}
ui.fields.Unfall.bemerkungDatenimport.bem.hidden,true,ADMIN,{"""type""": """boolean"""}
ui.fields.Unfall.genauigkeitZeitpunkt.hidden,false,ADMIN,{"""type""": """boolean"""}
ui.fields.Unfallstoff.unfallstoffe.hidden,false,ADMIN,{"""type""": """boolean"""}
ui.fields.Vflz.bemerkungDatenimport.bem.hidden,true,ADMIN,{"""type""": """boolean"""}
ui.fields.Vflz.flugplatz.hidden,true,ADMIN,{"""type""": """boolean"""}
ui.fields.Vflz.flurname.hidden,false,ADMIN,{"""type""": """boolean"""}
ui.fields.Vflz.ktu.hidden,true,ADMIN,{"""type""": """boolean"""}
ui.fields.Vflz.lang.hidden,false,ADMIN,{"""type""": """boolean"""}
ui.map.import.urls,"["""https://geodienste.ch/db/planerischer_gewaesserschutz_v1_2_0/deu?SERVICE=WMS&REQUEST=GetCapabilities""", """https://wfs.geodienste.ch/av_0/deu?service=WFS&request=GetCapabilities"""]",GENERAL,"{"""type""": """array""", """items""": {"""type""": """string"""}}"
ui.map.maxExtent,"[2485000,1064000,2835000,1300000]",ADMIN,"{"""type""": """array""", """items""": {"""type""": """integer"""}}"
ui.map.baseLayers,"[{"""key""": """aerial""", """url""": """https://wms.geo.admin.ch""", """layer""": """ch.swisstopo.swissimage"""}, {"""key""": """map-color""", """url""": """https://wms.geo.admin.ch""", """layer""": """ch.swisstopo.pixelkarte-farbe"""}, {"""key""": """map-gray""", """url""": """https://wms.geo.admin.ch""", """layer""": """ch.swisstopo.pixelkarte-grau"""}]",ADMIN,"{"""type""": """array""", """items""": {"""type""": """object""", """properties""": {"""key""": {"""type""": """string"""},"""url""": {"""type""": """string"""},"""layer""": {"""type""": """string"""}}}}"
ui.map.searches, "[{"""key""": """parcel""", """url""": """https://api3.geo.admin.ch/rest/services/api/SearchServer?origins=parcel&geometryFormat=geojson&lang={lang}&limit=10&returnGeometry=true&searchText={searchText}&sr=2056&type=locations"""},{ """key""": """municipality""", """url""": """https://api3.geo.admin.ch/rest/services/api/SearchServer?origins=gg25&geometryFormat=geojson&lang={lang}&limit=10&returnGeometry=true&searchText={searchText}&sr=2056&type=locations"""}, {"""key""": """address""", """url""": """https://api3.geo.admin.ch/rest/services/api/SearchServer?origins=address&geometryFormat=geojson&lang={lang}&limit=10&returnGeometry=true&searchText={searchText}&sr=2056&type=locations"""}]",ADMIN,"{"""type""": """array""", """items""": {"""type""": """object""", """properties""": {"""key""": {"""type""": """string"""},"""url""": {"""type""": """string"""},"""options""": {"""type""": """object""", """properties""":{"""labelProperty""": {"""type""": """string"""},"""category""": {"""type""": """object""", """properties""": {"""de""": {"""type""": """string"""}, """fr""": {"""type""": """string"""}, """it""": {"""type""": """string"""}}}}}}}}"
backend.differentVollzugEditable,true,ADMIN,{"""type""": """boolean"""}
ui.fields.task.dokument.externalURL,false,ADMIN,{"""type""": """boolean"""}
ui.showTestBadge,false,ADMIN,{"""type""": """boolean"""}
ui.display.gemeindenUndNummerierungsbereiche,"""gemeinde""",ADMIN,{"""type""": """string"""}
frontend.pollExportInterval,1000,ADMIN,{"""type""": """integer"""}
